[
  {
    "DealNumber": "b61d3e1b-053f-4026-bfe1-d394a71103b5",
    "TimeDealt": "2020-04-16T13:00:15.4515965Z",
    "DealsCount": 108,
    "PlayerHand": "9c-10c",
    "DealData": [
      {
        "Flop": {
          "HighCard": 59,
          "Pair": 40,
          "TwoPairs": 3,
          "Set": 4,
          "Straight": 4,
          "Flush": 0,
          "FullHouse": 0,
          "Quads": 0,
          "StraightFlush": 0,
          "RoyalFlush": 0
        }
      },
      {
        "Turn": {
          "HighCard": 43,
          "Pair": 49,
          "TwoPairs": 10,
          "Set": 5,
          "Straight": 6,
          "Flush": 1,
          "FullHouse": 1,
          "Quads": 0,
          "StraightFlush": 0,
          "RoyalFlush": 0
        }
      },
      {
        "River": {
          "HighCard": 25,
          "Pair": 51,
          "TwoPairs": 22,
          "Set": 6,
          "Straight": 13,
          "Flush": 5,
          "FullHouse": 4,
          "Quads": 0,
          "StraightFlush": 0,
          "RoyalFlush": 0
        }
      },
      {
        "Win": [
          {
            "PlayingHand": [
              {
                "Rank": 9,
                "Suit": 4
              },
              {
                "Rank": 10,
                "Suit": 4
              }
            ],
            "WonGames": 56
          },
          {
            "PlayingHand": [
              {
                "Rank": 11,
                "Suit": 2
              },
              {
                "Rank": 7,
                "Suit": 1
              }
            ],
            "WonGames": 40
          }
        ]
      }
    ]
  },
  {
    "DealNumber": "4a20a5c9-8dbe-4e0b-8549-da14c38eb740",
    "TimeDealt": "2020-04-16T13:00:43.2503581Z",
    "DealsCount": 108,
    "PlayerHand": "9c-10c",
    "DealData": [
      {
        "Flop": {
          "HighCard": 114,
          "Pair": 90,
          "TwoPairs": 5,
          "Set": 4,
          "Straight": 4,
          "Flush": 2,
          "FullHouse": 0,
          "Quads": 0,
          "StraightFlush": 0,
          "RoyalFlush": 0
        }
      },
      {
        "Turn": {
          "HighCard": 80,
          "Pair": 104,
          "TwoPairs": 23,
          "Set": 8,
          "Straight": 8,
          "Flush": 3,
          "FullHouse": 1,
          "Quads": 0,
          "StraightFlush": 0,
          "RoyalFlush": 0
        }
      },
      {
        "River": {
          "HighCard": 74,
          "Pair": 146,
          "TwoPairs": 75,
          "Set": 16,
          "Straight": 35,
          "Flush": 15,
          "FullHouse": 13,
          "Quads": 0,
          "StraightFlush": 0,
          "RoyalFlush": 0
        }
      },
      {
        "Win": [
          {
            "PlayingHand": [
              {
                "Rank": 9,
                "Suit": 4
              },
              {
                "Rank": 10,
                "Suit": 4
              }
            ],
            "WonGames": 47
          },
          {
            "PlayingHand": [
              {
                "Rank": 11,
                "Suit": 2
              },
              {
                "Rank": 7,
                "Suit": 1
              }
            ],
            "WonGames": 46
          }
        ]
      }
    ]
  },
  {
    "DealNumber": "385f1a76-b212-466f-88a2-fcd7a9063b54",
    "TimeDealt": "2020-04-21T12:32:49.2101572Z",
    "DealsCount": 1,
    "PlayerHand": "2d-3c",
    "DealData": [
      {
        "Flop": {
          "HighCard": 0,
          "Pair": 1,
          "TwoPairs": 0,
          "Set": 0,
          "Straight": 0,
          "Flush": 0,
          "FullHouse": 0,
          "Quads": 0,
          "StraightFlush": 0,
          "RoyalFlush": 0
        }
      },
      {
        "Turn": {
          "HighCard": 0,
          "Pair": 1,
          "TwoPairs": 0,
          "Set": 0,
          "Straight": 0,
          "Flush": 0,
          "FullHouse": 0,
          "Quads": 0,
          "StraightFlush": 0,
          "RoyalFlush": 0
        }
      },
      {
        "River": {
          "HighCard": 0,
          "Pair": 0,
          "TwoPairs": 1,
          "Set": 0,
          "Straight": 0,
          "Flush": 0,
          "FullHouse": 0,
          "Quads": 0,
          "StraightFlush": 0,
          "RoyalFlush": 0
        }
      },
      {
        "Win": [
          {
            "PlayingHand": [
              {
                "Rank": 2,
                "Suit": 2
              },
              {
                "Rank": 3,
                "Suit": 4
              }
            ],
            "WonGames": 0
          },
          {
            "PlayingHand": [
              {
                "Rank": 4,
                "Suit": 1
              },
              {
                "Rank": 8,
                "Suit": 1
              }
            ],
            "WonGames": 0
          },
          {
            "PlayingHand": [
              {
                "Rank": 4,
                "Suit": 3
              },
              {
                "Rank": 3,
                "Suit": 2
              }
            ],
            "WonGames": 1
          }
        ]
      }
    ]
  },
  {
    "DealNumber": "385f1a76-b212-466f-88a2-fcd7a9063b54",
    "TimeDealt": "2020-04-21T12:32:49.2101572Z",
    "DealsCount": 1,
    "PlayerHand": "2d-3c",
    "DealData": [
      {
        "Flop": {
          "HighCard": 0,
          "Pair": 1,
          "TwoPairs": 0,
          "Set": 0,
          "Straight": 0,
          "Flush": 0,
          "FullHouse": 0,
          "Quads": 0,
          "StraightFlush": 0,
          "RoyalFlush": 0
        }
      },
      {
        "Turn": {
          "HighCard": 0,
          "Pair": 1,
          "TwoPairs": 0,
          "Set": 0,
          "Straight": 0,
          "Flush": 0,
          "FullHouse": 0,
          "Quads": 0,
          "StraightFlush": 0,
          "RoyalFlush": 0
        }
      },
      {
        "River": {
          "HighCard": 0,
          "Pair": 0,
          "TwoPairs": 1,
          "Set": 0,
          "Straight": 0,
          "Flush": 0,
          "FullHouse": 0,
          "Quads": 0,
          "StraightFlush": 0,
          "RoyalFlush": 0
        }
      },
      {
        "Win": [
          {
            "PlayingHand": [
              {
                "Rank": 2,
                "Suit": 2
              },
              {
                "Rank": 3,
                "Suit": 4
              }
            ],
            "WonGames": 0
          },
          {
            "PlayingHand": [
              {
                "Rank": 4,
                "Suit": 1
              },
              {
                "Rank": 8,
                "Suit": 1
              }
            ],
            "WonGames": 0
          },
          {
            "PlayingHand": [
              {
                "Rank": 4,
                "Suit": 3
              },
              {
                "Rank": 3,
                "Suit": 2
              }
            ],
            "WonGames": 1
          }
        ]
      }
    ]
  },
  {
    "DealNumber": "4021f3ed-bf12-4598-9dcd-da06abd4ef92",
    "TimeDealt": "2020-04-21T12:33:53.2651894Z",
    "DealsCount": 1,
    "PlayerHand": "3c-Qs",
    "DealData": [
      {
        "Flop": {
          "HighCard": 1,
          "Pair": 0,
          "TwoPairs": 0,
          "Set": 0,
          "Straight": 0,
          "Flush": 0,
          "FullHouse": 0,
          "Quads": 0,
          "StraightFlush": 0,
          "RoyalFlush": 0
        }
      },
      {
        "Turn": {
          "HighCard": 1,
          "Pair": 0,
          "TwoPairs": 0,
          "Set": 0,
          "Straight": 0,
          "Flush": 0,
          "FullHouse": 0,
          "Quads": 0,
          "StraightFlush": 0,
          "RoyalFlush": 0
        }
      },
      {
        "River": {
          "HighCard": 0,
          "Pair": 1,
          "TwoPairs": 0,
          "Set": 0,
          "Straight": 0,
          "Flush": 0,
          "FullHouse": 0,
          "Quads": 0,
          "StraightFlush": 0,
          "RoyalFlush": 0
        }
      },
      {
        "Win": [
          {
            "PlayingHand": [
              {
                "Rank": 3,
                "Suit": 4
              },
              {
                "Rank": 12,
                "Suit": 3
              }
            ],
            "WonGames": 0
          },
          {
            "PlayingHand": [
              {
                "Rank": 9,
                "Suit": 4
              },
              {
                "Rank": 6,
                "Suit": 2
              }
            ],
            "WonGames": 0
          },
          {
            "PlayingHand": [
              {
                "Rank": 10,
                "Suit": 1
              },
              {
                "Rank": 13,
                "Suit": 3
              }
            ],
            "WonGames": 1
          }
        ]
      }
    ]
  },
  {
    "DealNumber": "4021f3ed-bf12-4598-9dcd-da06abd4ef92",
    "TimeDealt": "2020-04-21T12:33:53.2651894Z",
    "DealsCount": 1,
    "PlayerHand": "3c-Qs",
    "DealData": [
      {
        "Flop": {
          "HighCard": 1,
          "Pair": 0,
          "TwoPairs": 0,
          "Set": 0,
          "Straight": 0,
          "Flush": 0,
          "FullHouse": 0,
          "Quads": 0,
          "StraightFlush": 0,
          "RoyalFlush": 0
        }
      },
      {
        "Turn": {
          "HighCard": 1,
          "Pair": 0,
          "TwoPairs": 0,
          "Set": 0,
          "Straight": 0,
          "Flush": 0,
          "FullHouse": 0,
          "Quads": 0,
          "StraightFlush": 0,
          "RoyalFlush": 0
        }
      },
      {
        "River": {
          "HighCard": 0,
          "Pair": 1,
          "TwoPairs": 0,
          "Set": 0,
          "Straight": 0,
          "Flush": 0,
          "FullHouse": 0,
          "Quads": 0,
          "StraightFlush": 0,
          "RoyalFlush": 0
        }
      },
      {
        "Win": [
          {
            "PlayingHand": [
              {
                "Rank": 3,
                "Suit": 4
              },
              {
                "Rank": 12,
                "Suit": 3
              }
            ],
            "WonGames": 0
          },
          {
            "PlayingHand": [
              {
                "Rank": 9,
                "Suit": 4
              },
              {
                "Rank": 6,
                "Suit": 2
              }
            ],
            "WonGames": 0
          },
          {
            "PlayingHand": [
              {
                "Rank": 10,
                "Suit": 1
              },
              {
                "Rank": 13,
                "Suit": 3
              }
            ],
            "WonGames": 1
          }
        ]
      }
    ]
  },
  {
    "DealNumber": "7c5946b6-3f85-474a-831c-1ff7acef1f91",
    "TimeDealt": "2020-04-21T12:38:01.3834223Z",
    "DealsCount": 16,
    "PlayerHand": "9c-Ah",
    "DealData": [
      {
        "Flop": {
          "HighCard": 8,
          "Pair": 8,
          "TwoPairs": 0,
          "Set": 0,
          "Straight": 0,
          "Flush": 0,
          "FullHouse": 0,
          "Quads": 0,
          "StraightFlush": 0,
          "RoyalFlush": 0
        }
      },
      {
        "Turn": {
          "HighCard": 6,
          "Pair": 6,
          "TwoPairs": 3,
          "Set": 1,
          "Straight": 0,
          "Flush": 0,
          "FullHouse": 0,
          "Quads": 0,
          "StraightFlush": 0,
          "RoyalFlush": 0
        }
      },
      {
        "River": {
          "HighCard": 3,
          "Pair": 6,
          "TwoPairs": 6,
          "Set": 0,
          "Straight": 0,
          "Flush": 1,
          "FullHouse": 1,
          "Quads": 0,
          "StraightFlush": 0,
          "RoyalFlush": 0
        }
      },
      {
        "Win": [
          {
            "PlayingHand": [
              {
                "Rank": 9,
                "Suit": 4
              },
              {
                "Rank": 14,
                "Suit": 1
              }
            ],
            "WonGames": 9
          },
          {
            "PlayingHand": [
              {
                "Rank": 7,
                "Suit": 1
              },
              {
                "Rank": 10,
                "Suit": 2
              }
            ],
            "WonGames": 2
          },
          {
            "PlayingHand": [
              {
                "Rank": 8,
                "Suit": 3
              },
              {
                "Rank": 2,
                "Suit": 3
              }
            ],
            "WonGames": 3
          }
        ]
      }
    ]
  },
  {
    "DealNumber": "a50458c3-7691-44be-a7c3-e0c9cf658af2",
    "TimeDealt": "2020-04-21T12:39:20.9751347Z",
    "DealsCount": 19,
    "PlayerHand": "7h-9s",
    "DealData": [
      {
        "Flop": {
          "HighCard": 10,
          "Pair": 8,
          "TwoPairs": 1,
          "Set": 0,
          "Straight": 0,
          "Flush": 0,
          "FullHouse": 0,
          "Quads": 0,
          "StraightFlush": 0,
          "RoyalFlush": 0
        }
      },
      {
        "Turn": {
          "HighCard": 6,
          "Pair": 11,
          "TwoPairs": 2,
          "Set": 0,
          "Straight": 0,
          "Flush": 1,
          "FullHouse": 0,
          "Quads": 0,
          "StraightFlush": 0,
          "RoyalFlush": 0
        }
      },
      {
        "River": {
          "HighCard": 3,
          "Pair": 10,
          "TwoPairs": 5,
          "Set": 1,
          "Straight": 0,
          "Flush": 1,
          "FullHouse": 0,
          "Quads": 0,
          "StraightFlush": 0,
          "RoyalFlush": 0
        }
      },
      {
        "Win": [
          {
            "PlayingHand": [
              {
                "Rank": 7,
                "Suit": 1
              },
              {
                "Rank": 9,
                "Suit": 3
              }
            ],
            "WonGames": 6
          },
          {
            "PlayingHand": [
              {
                "Rank": 4,
                "Suit": 2
              },
              {
                "Rank": 9,
                "Suit": 2
              }
            ],
            "WonGames": 4
          },
          {
            "PlayingHand": [
              {
                "Rank": 8,
                "Suit": 3
              },
              {
                "Rank": 2,
                "Suit": 2
              }
            ],
            "WonGames": 4
          }
        ]
      }
    ]
  },
  {
    "DealNumber": "c765a8e0-e450-41fa-953d-a993c5efe244",
    "TimeDealt": "2020-04-21T12:39:39.7983341Z",
    "DealsCount": 190,
    "PlayerHand": "10s-Js",
    "DealData": [
      {
        "Flop": {
          "HighCard": 114,
          "Pair": 80,
          "TwoPairs": 11,
          "Set": 2,
          "Straight": 0,
          "Flush": 2,
          "FullHouse": 1,
          "Quads": 0,
          "StraightFlush": 0,
          "RoyalFlush": 0
        }
      },
      {
        "Turn": {
          "HighCard": 74,
          "Pair": 103,
          "TwoPairs": 27,
          "Set": 4,
          "Straight": 3,
          "Flush": 5,
          "FullHouse": 1,
          "Quads": 0,
          "StraightFlush": 0,
          "RoyalFlush": 0
        }
      },
      {
        "River": {
          "HighCard": 51,
          "Pair": 111,
          "TwoPairs": 53,
          "Set": 8,
          "Straight": 15,
          "Flush": 14,
          "FullHouse": 5,
          "Quads": 0,
          "StraightFlush": 0,
          "RoyalFlush": 0
        }
      },
      {
        "Win": [
          {
            "PlayingHand": [
              {
                "Rank": 10,
                "Suit": 3
              },
              {
                "Rank": 11,
                "Suit": 3
              }
            ],
            "WonGames": 68
          },
          {
            "PlayingHand": [
              {
                "Rank": 2,
                "Suit": 2
              },
              {
                "Rank": 5,
                "Suit": 1
              }
            ],
            "WonGames": 38
          },
          {
            "PlayingHand": [
              {
                "Rank": 7,
                "Suit": 2
              },
              {
                "Rank": 7,
                "Suit": 3
              }
            ],
            "WonGames": 63
          }
        ]
      }
    ]
  },
  {
    "DealNumber": "3ecdba9b-a75c-408f-8fbd-efcfa7fd9c0d",
    "TimeDealt": "2020-04-21T12:41:39.0217397Z",
    "DealsCount": 26,
    "PlayerHand": "6c-Jc",
    "DealData": [
      {
        "Flop": {
          "HighCard": 14,
          "Pair": 7,
          "TwoPairs": 2,
          "Set": 1,
          "Straight": 0,
          "Flush": 4,
          "FullHouse": 0,
          "Quads": 0,
          "StraightFlush": 0,
          "RoyalFlush": 0
        }
      },
      {
        "Turn": {
          "HighCard": 14,
          "Pair": 6,
          "TwoPairs": 3,
          "Set": 3,
          "Straight": 0,
          "Flush": 3,
          "FullHouse": 0,
          "Quads": 0,
          "StraightFlush": 0,
          "RoyalFlush": 0
        }
      },
      {
        "River": {
          "HighCard": 12,
          "Pair": 5,
          "TwoPairs": 6,
          "Set": 2,
          "Straight": 1,
          "Flush": 5,
          "FullHouse": 1,
          "Quads": 0,
          "StraightFlush": 0,
          "RoyalFlush": 0
        }
      },
      {
        "Win": [
          {
            "PlayingHand": [
              {
                "Rank": 6,
                "Suit": 4
              },
              {
                "Rank": 11,
                "Suit": 4
              }
            ],
            "WonGames": 9
          },
          {
            "PlayingHand": [
              {
                "Rank": 11,
                "Suit": 2
              },
              {
                "Rank": 5,
                "Suit": 1
              }
            ],
            "WonGames": 4
          },
          {
            "PlayingHand": [
              {
                "Rank": 9,
                "Suit": 1
              },
              {
                "Rank": 7,
                "Suit": 2
              }
            ],
            "WonGames": 7
          }
        ]
      }
    ]
  },
  {
    "DealNumber": "28b1863e-3f99-44ab-882c-7fdeb9d6397c",
    "TimeDealt": "2020-04-21T12:41:50.0068537Z",
    "DealsCount": 26,
    "PlayerHand": "Ks-As",
    "DealData": [
      {
        "Flop": {
          "HighCard": 26,
          "Pair": 21,
          "TwoPairs": 2,
          "Set": 1,
          "Straight": 0,
          "Flush": 4,
          "FullHouse": 0,
          "Quads": 0,
          "StraightFlush": 0,
          "RoyalFlush": 0
        }
      },
      {
        "Turn": {
          "HighCard": 22,
          "Pair": 22,
          "TwoPairs": 5,
          "Set": 3,
          "Straight": 0,
          "Flush": 4,
          "FullHouse": 0,
          "Quads": 0,
          "StraightFlush": 0,
          "RoyalFlush": 0
        }
      },
      {
        "River": {
          "HighCard": 19,
          "Pair": 30,
          "TwoPairs": 21,
          "Set": 6,
          "Straight": 1,
          "Flush": 13,
          "FullHouse": 2,
          "Quads": 1,
          "StraightFlush": 0,
          "RoyalFlush": 0
        }
      },
      {
        "Win": [
          {
            "PlayingHand": [
              {
                "Rank": 13,
                "Suit": 3
              },
              {
                "Rank": 14,
                "Suit": 3
              }
            ],
            "WonGames": 16
          },
          {
            "PlayingHand": [
              {
                "Rank": 5,
                "Suit": 1
              },
              {
                "Rank": 6,
                "Suit": 2
              }
            ],
            "WonGames": 5
          },
          {
            "PlayingHand": [
              {
                "Rank": 14,
                "Suit": 1
              },
              {
                "Rank": 5,
                "Suit": 2
              }
            ],
            "WonGames": 2
          }
        ]
      }
    ]
  },
  {
    "DealNumber": "992afb23-ef38-48a9-ba48-d11e438bd32f",
    "TimeDealt": "2020-04-21T12:44:47.598427Z",
    "DealsCount": 53,
    "PlayerHand": "10d-10s",
    "DealData": [
      {
        "Flop": {
          "HighCard": 0,
          "Pair": 37,
          "TwoPairs": 7,
          "Set": 9,
          "Straight": 0,
          "Flush": 0,
          "FullHouse": 0,
          "Quads": 0,
          "StraightFlush": 0,
          "RoyalFlush": 0
        }
      },
      {
        "Turn": {
          "HighCard": 0,
          "Pair": 29,
          "TwoPairs": 15,
          "Set": 9,
          "Straight": 0,
          "Flush": 0,
          "FullHouse": 0,
          "Quads": 2,
          "StraightFlush": 0,
          "RoyalFlush": 0
        }
      },
      {
        "River": {
          "HighCard": 0,
          "Pair": 19,
          "TwoPairs": 22,
          "Set": 4,
          "Straight": 1,
          "Flush": 1,
          "FullHouse": 8,
          "Quads": 2,
          "StraightFlush": 0,
          "RoyalFlush": 0
        }
      },
      {
        "Win": [
          {
            "PlayingHand": [
              {
                "Rank": 10,
                "Suit": 2
              },
              {
                "Rank": 10,
                "Suit": 3
              }
            ],
            "WonGames": 6
          },
          {
            "PlayingHand": [
              {
                "Rank": 12,
                "Suit": 3
              },
              {
                "Rank": 12,
                "Suit": 1
              }
            ],
            "WonGames": 36
          },
          {
            "PlayingHand": [
              {
                "Rank": 7,
                "Suit": 4
              },
              {
                "Rank": 3,
                "Suit": 4
              }
            ],
            "WonGames": 8
          }
        ]
      }
    ]
  },
  {
    "DealNumber": "8eab8d10-2daa-46b7-b564-c70251596fa7",
    "TimeDealt": "2020-04-21T12:44:52.7274238Z",
    "DealsCount": 53,
    "PlayerHand": "10d-10s",
    "DealData": [
      {
        "Flop": {
          "HighCard": 0,
          "Pair": 72,
          "TwoPairs": 21,
          "Set": 12,
          "Straight": 0,
          "Flush": 0,
          "FullHouse": 1,
          "Quads": 0,
          "StraightFlush": 0,
          "RoyalFlush": 0
        }
      },
      {
        "Turn": {
          "HighCard": 0,
          "Pair": 57,
          "TwoPairs": 35,
          "Set": 13,
          "Straight": 1,
          "Flush": 0,
          "FullHouse": 1,
          "Quads": 2,
          "StraightFlush": 0,
          "RoyalFlush": 0
        }
      },
      {
        "River": {
          "HighCard": 0,
          "Pair": 55,
          "TwoPairs": 74,
          "Set": 12,
          "Straight": 3,
          "Flush": 2,
          "FullHouse": 18,
          "Quads": 4,
          "StraightFlush": 0,
          "RoyalFlush": 0
        }
      },
      {
        "Win": [
          {
            "PlayingHand": [
              {
                "Rank": 10,
                "Suit": 2
              },
              {
                "Rank": 10,
                "Suit": 3
              }
            ],
            "WonGames": 21
          },
          {
            "PlayingHand": [
              {
                "Rank": 4,
                "Suit": 3
              },
              {
                "Rank": 3,
                "Suit": 1
              }
            ],
            "WonGames": 8
          },
          {
            "PlayingHand": [
              {
                "Rank": 11,
                "Suit": 2
              },
              {
                "Rank": 14,
                "Suit": 2
              }
            ],
            "WonGames": 20
          }
        ]
      }
    ]
  },
  {
    "DealNumber": "3f00975d-44bc-49f7-aa9a-386faceb4260",
    "TimeDealt": "2020-04-21T12:54:35.5159886Z",
    "DealsCount": 17,
    "PlayerHand": "5h-8s",
    "DealData": [
      {
        "Flop": {
          "HighCard": 9,
          "Pair": 7,
          "TwoPairs": 0,
          "Set": 1,
          "Straight": 0,
          "Flush": 0,
          "FullHouse": 0,
          "Quads": 0,
          "StraightFlush": 0,
          "RoyalFlush": 0
        }
      },
      {
        "Turn": {
          "HighCard": 4,
          "Pair": 12,
          "TwoPairs": 0,
          "Set": 1,
          "Straight": 0,
          "Flush": 0,
          "FullHouse": 0,
          "Quads": 0,
          "StraightFlush": 0,
          "RoyalFlush": 0
        }
      },
      {
        "River": {
          "HighCard": 2,
          "Pair": 11,
          "TwoPairs": 2,
          "Set": 2,
          "Straight": 1,
          "Flush": 0,
          "FullHouse": 0,
          "Quads": 0,
          "StraightFlush": 0,
          "RoyalFlush": 0
        }
      },
      {
        "Win": [
          {
            "PlayingHand": [
              {
                "Rank": 5,
                "Suit": 1
              },
              {
                "Rank": 8,
                "Suit": 3
              }
            ],
            "WonGames": 2
          },
          {
            "PlayingHand": [
              {
                "Rank": 8,
                "Suit": 2
              },
              {
                "Rank": 8,
                "Suit": 1
              }
            ],
            "WonGames": 8
          },
          {
            "PlayingHand": [
              {
                "Rank": 2,
                "Suit": 2
              },
              {
                "Rank": 10,
                "Suit": 2
              }
            ],
            "WonGames": 5
          }
        ]
      }
    ]
  },
  {
    "DealNumber": "9a7ea092-f31f-46a3-bed1-01ad731d4616",
    "TimeDealt": "2020-04-21T12:58:51.5750714Z",
    "DealsCount": 71,
    "PlayerHand": "8h-10h",
    "DealData": [
      {
        "Flop": {
          "HighCard": 38,
          "Pair": 26,
          "TwoPairs": 3,
          "Set": 0,
          "Straight": 4,
          "Flush": 2,
          "FullHouse": 1,
          "Quads": 0,
          "StraightFlush": 0,
          "RoyalFlush": 0
        }
      },
      {
        "Turn": {
          "HighCard": 28,
          "Pair": 36,
          "TwoPairs": 6,
          "Set": 0,
          "Straight": 4,
          "Flush": 2,
          "FullHouse": 1,
          "Quads": 0,
          "StraightFlush": 0,
          "RoyalFlush": 0
        }
      },
      {
        "River": {
          "HighCard": 18,
          "Pair": 36,
          "TwoPairs": 14,
          "Set": 2,
          "Straight": 7,
          "Flush": 5,
          "FullHouse": 1,
          "Quads": 0,
          "StraightFlush": 0,
          "RoyalFlush": 0
        }
      },
      {
        "Win": [
          {
            "PlayingHand": [
              {
                "Rank": 8,
                "Suit": 1
              },
              {
                "Rank": 10,
                "Suit": 1
              }
            ],
            "WonGames": 22
          },
          {
            "PlayingHand": [
              {
                "Rank": 5,
                "Suit": 1
              },
              {
                "Rank": 13,
                "Suit": 3
              }
            ],
            "WonGames": 22
          },
          {
            "PlayingHand": [
              {
                "Rank": 3,
                "Suit": 2
              },
              {
                "Rank": 9,
                "Suit": 3
              }
            ],
            "WonGames": 7
          },
          {
            "PlayingHand": [
              {
                "Rank": 8,
                "Suit": 4
              },
              {
                "Rank": 9,
                "Suit": 2
              }
            ],
            "WonGames": 9
          }
        ]
      }
    ]
  },
  {
    "DealNumber": "68712586-c1bd-4849-8ae5-e85378910183",
    "TimeDealt": "2020-04-21T12:59:00.7350662Z",
    "DealsCount": 69,
    "PlayerHand": "8h-10h",
    "DealData": [
      {
        "Flop": {
          "HighCard": 74,
          "Pair": 53,
          "TwoPairs": 8,
          "Set": 0,
          "Straight": 4,
          "Flush": 2,
          "FullHouse": 2,
          "Quads": 0,
          "StraightFlush": 0,
          "RoyalFlush": 0
        }
      },
      {
        "Turn": {
          "HighCard": 55,
          "Pair": 68,
          "TwoPairs": 14,
          "Set": 1,
          "Straight": 6,
          "Flush": 4,
          "FullHouse": 2,
          "Quads": 0,
          "StraightFlush": 0,
          "RoyalFlush": 0
        }
      },
      {
        "River": {
          "HighCard": 50,
          "Pair": 107,
          "TwoPairs": 44,
          "Set": 7,
          "Straight": 19,
          "Flush": 12,
          "FullHouse": 3,
          "Quads": 1,
          "StraightFlush": 0,
          "RoyalFlush": 0
        }
      },
      {
        "Win": [
          {
            "PlayingHand": [
              {
                "Rank": 8,
                "Suit": 1
              },
              {
                "Rank": 10,
                "Suit": 1
              }
            ],
            "WonGames": 9
          },
          {
            "PlayingHand": [
              {
                "Rank": 8,
                "Suit": 4
              },
              {
                "Rank": 4,
                "Suit": 1
              }
            ],
            "WonGames": 9
          },
          {
            "PlayingHand": [
              {
                "Rank": 11,
                "Suit": 2
              },
              {
                "Rank": 11,
                "Suit": 1
              }
            ],
            "WonGames": 24
          },
          {
            "PlayingHand": [
              {
                "Rank": 6,
                "Suit": 3
              },
              {
                "Rank": 3,
                "Suit": 1
              }
            ],
            "WonGames": 9
          },
          {
            "PlayingHand": [
              {
                "Rank": 9,
                "Suit": 2
              },
              {
                "Rank": 11,
                "Suit": 3
              }
            ],
            "WonGames": 3
          },
          {
            "PlayingHand": [
              {
                "Rank": 3,
                "Suit": 3
              },
              {
                "Rank": 12,
                "Suit": 2
              }
            ],
            "WonGames": 12
          }
        ]
      }
    ]
  },
  {
    "DealNumber": "2c0b3dd6-a2c7-49ad-b0c4-acb14368b9bd",
    "TimeDealt": "2020-04-21T13:01:16.4631758Z",
    "DealsCount": 22,
    "PlayerHand": "2c-2d",
    "DealData": [
      {
        "Flop": {
          "HighCard": 0,
          "Pair": 14,
          "TwoPairs": 4,
          "Set": 4,
          "Straight": 0,
          "Flush": 0,
          "FullHouse": 0,
          "Quads": 0,
          "StraightFlush": 0,
          "RoyalFlush": 0
        }
      },
      {
        "Turn": {
          "HighCard": 0,
          "Pair": 11,
          "TwoPairs": 5,
          "Set": 5,
          "Straight": 0,
          "Flush": 0,
          "FullHouse": 1,
          "Quads": 0,
          "StraightFlush": 0,
          "RoyalFlush": 0
        }
      },
      {
        "River": {
          "HighCard": 0,
          "Pair": 4,
          "TwoPairs": 10,
          "Set": 5,
          "Straight": 0,
          "Flush": 0,
          "FullHouse": 3,
          "Quads": 0,
          "StraightFlush": 0,
          "RoyalFlush": 0
        }
      },
      {
        "Win": [
          {
            "PlayingHand": [
              {
                "Rank": 2,
                "Suit": 4
              },
              {
                "Rank": 2,
                "Suit": 2
              }
            ],
            "WonGames": 7
          },
          {
            "PlayingHand": [
              {
                "Rank": 13,
                "Suit": 2
              },
              {
                "Rank": 4,
                "Suit": 4
              }
            ],
            "WonGames": 6
          },
          {
            "PlayingHand": [
              {
                "Rank": 5,
                "Suit": 2
              },
              {
                "Rank": 8,
                "Suit": 2
              }
            ],
            "WonGames": 3
          }
        ]
      }
    ]
  },
  {
    "DealNumber": "997a17ab-7f31-4022-b32a-2c1c45e8b825",
    "TimeDealt": "2020-04-21T13:01:25.8550488Z",
    "DealsCount": 33,
    "PlayerHand": "3d-3c",
    "DealData": [
      {
        "Flop": {
          "HighCard": 0,
          "Pair": 37,
          "TwoPairs": 9,
          "Set": 9,
          "Straight": 0,
          "Flush": 0,
          "FullHouse": 0,
          "Quads": 0,
          "StraightFlush": 0,
          "RoyalFlush": 0
        }
      },
      {
        "Turn": {
          "HighCard": 0,
          "Pair": 30,
          "TwoPairs": 14,
          "Set": 10,
          "Straight": 2,
          "Flush": 0,
          "FullHouse": 1,
          "Quads": 0,
          "StraightFlush": 0,
          "RoyalFlush": 0
        }
      },
      {
        "River": {
          "HighCard": 0,
          "Pair": 24,
          "TwoPairs": 28,
          "Set": 13,
          "Straight": 4,
          "Flush": 0,
          "FullHouse": 12,
          "Quads": 0,
          "StraightFlush": 0,
          "RoyalFlush": 0
        }
      },
      {
        "Win": [
          {
            "PlayingHand": [
              {
                "Rank": 3,
                "Suit": 2
              },
              {
                "Rank": 3,
                "Suit": 4
              }
            ],
            "WonGames": 10
          },
          {
            "PlayingHand": [
              {
                "Rank": 13,
                "Suit": 2
              },
              {
                "Rank": 2,
                "Suit": 1
              }
            ],
            "WonGames": 10
          },
          {
            "PlayingHand": [
              {
                "Rank": 9,
                "Suit": 1
              },
              {
                "Rank": 10,
                "Suit": 2
              }
            ],
            "WonGames": 9
          }
        ]
      }
    ]
  },
  {
    "DealNumber": "74127e8c-937d-4d58-802f-69ec5280bca5",
    "TimeDealt": "2020-04-21T13:06:50.3650267Z",
    "DealsCount": 44,
    "PlayerHand": "4d-4c",
    "DealData": [
      {
        "Flop": {
          "HighCard": 0,
          "Pair": 32,
          "TwoPairs": 6,
          "Set": 5,
          "Straight": 0,
          "Flush": 0,
          "FullHouse": 1,
          "Quads": 0,
          "StraightFlush": 0,
          "RoyalFlush": 0
        }
      },
      {
        "Turn": {
          "HighCard": 0,
          "Pair": 25,
          "TwoPairs": 12,
          "Set": 6,
          "Straight": 0,
          "Flush": 1,
          "FullHouse": 1,
          "Quads": 0,
          "StraightFlush": 0,
          "RoyalFlush": 0
        }
      },
      {
        "River": {
          "HighCard": 0,
          "Pair": 17,
          "TwoPairs": 17,
          "Set": 7,
          "Straight": 2,
          "Flush": 1,
          "FullHouse": 3,
          "Quads": 0,
          "StraightFlush": 0,
          "RoyalFlush": 0
        }
      },
      {
        "Win": [
          {
            "PlayingHand": [
              {
                "Rank": 4,
                "Suit": 2
              },
              {
                "Rank": 4,
                "Suit": 4
              }
            ],
            "WonGames": 9
          },
          {
            "PlayingHand": [
              {
                "Rank": 7,
                "Suit": 1
              },
              {
                "Rank": 12,
                "Suit": 3
              }
            ],
            "WonGames": 9
          },
          {
            "PlayingHand": [
              {
                "Rank": 5,
                "Suit": 3
              },
              {
                "Rank": 7,
                "Suit": 3
              }
            ],
            "WonGames": 6
          },
          {
            "PlayingHand": [
              {
                "Rank": 13,
                "Suit": 1
              },
              {
                "Rank": 8,
                "Suit": 1
              }
            ],
            "WonGames": 12
          }
        ]
      }
    ]
  },
  {
    "DealNumber": "bc0abe17-c743-4c95-9623-87d6c1f8bff8",
    "TimeDealt": "2020-04-21T13:07:11.9028639Z",
    "DealsCount": 66,
    "PlayerHand": "6s-6h",
    "DealData": [
      {
        "Flop": {
          "HighCard": 0,
          "Pair": 80,
          "TwoPairs": 15,
          "Set": 14,
          "Straight": 0,
          "Flush": 0,
          "FullHouse": 1,
          "Quads": 0,
          "StraightFlush": 0,
          "RoyalFlush": 0
        }
      },
      {
        "Turn": {
          "HighCard": 0,
          "Pair": 56,
          "TwoPairs": 33,
          "Set": 20,
          "Straight": 0,
          "Flush": 1,
          "FullHouse": 1,
          "Quads": 0,
          "StraightFlush": 0,
          "RoyalFlush": 0
        }
      },
      {
        "River": {
          "HighCard": 0,
          "Pair": 47,
          "TwoPairs": 61,
          "Set": 32,
          "Straight": 3,
          "Flush": 5,
          "FullHouse": 14,
          "Quads": 2,
          "StraightFlush": 0,
          "RoyalFlush": 0
        }
      },
      {
        "Win": [
          {
            "PlayingHand": [
              {
                "Rank": 6,
                "Suit": 3
              },
              {
                "Rank": 6,
                "Suit": 1
              }
            ],
            "WonGames": 6
          },
          {
            "PlayingHand": [
              {
                "Rank": 5,
                "Suit": 1
              },
              {
                "Rank": 5,
                "Suit": 3
              }
            ],
            "WonGames": 2
          },
          {
            "PlayingHand": [
              {
                "Rank": 3,
                "Suit": 1
              },
              {
                "Rank": 9,
                "Suit": 2
              }
            ],
            "WonGames": 6
          },
          {
            "PlayingHand": [
              {
                "Rank": 13,
                "Suit": 2
              },
              {
                "Rank": 13,
                "Suit": 4
              }
            ],
            "WonGames": 42
          }
        ]
      }
    ]
  },
  {
    "DealNumber": "a90d12c9-84c1-4de1-a91a-3fdd497113ba",
    "TimeDealt": "2020-04-21T13:07:23.9156772Z",
    "DealsCount": 32,
    "PlayerHand": "2s-3h",
    "DealData": [
      {
        "Flop": {
          "HighCard": 18,
          "Pair": 91,
          "TwoPairs": 18,
          "Set": 14,
          "Straight": 0,
          "Flush": 0,
          "FullHouse": 1,
          "Quads": 0,
          "StraightFlush": 0,
          "RoyalFlush": 0
        }
      },
      {
        "Turn": {
          "HighCard": 16,
          "Pair": 67,
          "TwoPairs": 37,
          "Set": 21,
          "Straight": 0,
          "Flush": 3,
          "FullHouse": 1,
          "Quads": 0,
          "StraightFlush": 0,
          "RoyalFlush": 0
        }
      },
      {
        "River": {
          "HighCard": 29,
          "Pair": 106,
          "TwoPairs": 103,
          "Set": 36,
          "Straight": 6,
          "Flush": 11,
          "FullHouse": 22,
          "Quads": 3,
          "StraightFlush": 0,
          "RoyalFlush": 0
        }
      },
      {
        "Win": [
          {
            "PlayingHand": [
              {
                "Rank": 2,
                "Suit": 3
              },
              {
                "Rank": 3,
                "Suit": 1
              }
            ],
            "WonGames": 3
          },
          {
            "PlayingHand": [
              {
                "Rank": 3,
                "Suit": 3
              },
              {
                "Rank": 6,
                "Suit": 4
              }
            ],
            "WonGames": 5
          },
          {
            "PlayingHand": [
              {
                "Rank": 14,
                "Suit": 2
              },
              {
                "Rank": 14,
                "Suit": 4
              }
            ],
            "WonGames": 23
          },
          {
            "PlayingHand": [
              {
                "Rank": 9,
                "Suit": 4
              },
              {
                "Rank": 7,
                "Suit": 2
              }
            ],
            "WonGames": 0
          }
        ]
      }
    ]
  },
  {
    "DealNumber": "c927966d-7387-43a5-af5b-a58aa358002d",
    "TimeDealt": "2020-04-21T13:13:00.7349Z",
    "DealsCount": 10,
    "PlayerHand": "7c-Ad",
    "DealData": [
      {
        "Flop": {
          "HighCard": 5,
          "Pair": 4,
          "TwoPairs": 1,
          "Set": 0,
          "Straight": 0,
          "Flush": 0,
          "FullHouse": 0,
          "Quads": 0,
          "StraightFlush": 0,
          "RoyalFlush": 0
        }
      },
      {
        "Turn": {
          "HighCard": 4,
          "Pair": 5,
          "TwoPairs": 1,
          "Set": 0,
          "Straight": 1,
          "Flush": 0,
          "FullHouse": 0,
          "Quads": 0,
          "StraightFlush": 0,
          "RoyalFlush": 0
        }
      },
      {
        "River": {
          "HighCard": 2,
          "Pair": 5,
          "TwoPairs": 3,
          "Set": 0,
          "Straight": 1,
          "Flush": 0,
          "FullHouse": 0,
          "Quads": 0,
          "StraightFlush": 0,
          "RoyalFlush": 0
        }
      },
      {
        "Win": [
          {
            "PlayingHand": [
              {
                "Rank": 7,
                "Suit": 4
              },
              {
                "Rank": 14,
                "Suit": 2
              }
            ],
            "WonGames": 2
          },
          {
            "PlayingHand": [
              {
                "Rank": 8,
                "Suit": 3
              },
              {
                "Rank": 8,
                "Suit": 2
              }
            ],
            "WonGames": 5
          },
          {
            "PlayingHand": [
              {
                "Rank": 5,
                "Suit": 3
              },
              {
                "Rank": 11,
                "Suit": 2
              }
            ],
            "WonGames": 0
          },
          {
            "PlayingHand": [
              {
                "Rank": 4,
                "Suit": 1
              },
              {
                "Rank": 6,
                "Suit": 4
              }
            ],
            "WonGames": 1
          }
        ]
      }
    ]
  },
  {
    "DealNumber": "0bf72a74-bf6d-447a-a5dc-f487163224a3",
    "TimeDealt": "2020-04-21T13:13:13.8568698Z",
    "DealsCount": 123,
    "PlayerHand": "6d-9s",
    "DealData": [
      {
        "Flop": {
          "HighCard": 71,
          "Pair": 53,
          "TwoPairs": 7,
          "Set": 2,
          "Straight": 0,
          "Flush": 0,
          "FullHouse": 0,
          "Quads": 0,
          "StraightFlush": 0,
          "RoyalFlush": 0
        }
      },
      {
        "Turn": {
          "HighCard": 45,
          "Pair": 65,
          "TwoPairs": 18,
          "Set": 5,
          "Straight": 3,
          "Flush": 1,
          "FullHouse": 0,
          "Quads": 0,
          "StraightFlush": 0,
          "RoyalFlush": 0
        }
      },
      {
        "River": {
          "HighCard": 31,
          "Pair": 67,
          "TwoPairs": 37,
          "Set": 4,
          "Straight": 7,
          "Flush": 5,
          "FullHouse": 4,
          "Quads": 0,
          "StraightFlush": 0,
          "RoyalFlush": 0
        }
      },
      {
        "Win": [
          {
            "PlayingHand": [
              {
                "Rank": 6,
                "Suit": 2
              },
              {
                "Rank": 9,
                "Suit": 3
              }
            ],
            "WonGames": 36
          },
          {
            "PlayingHand": [
              {
                "Rank": 2,
                "Suit": 2
              },
              {
                "Rank": 4,
                "Suit": 4
              }
            ],
            "WonGames": 19
          },
          {
            "PlayingHand": [
              {
                "Rank": 3,
                "Suit": 4
              },
              {
                "Rank": 4,
                "Suit": 2
              }
            ],
            "WonGames": 17
          },
          {
            "PlayingHand": [
              {
                "Rank": 8,
                "Suit": 2
              },
              {
                "Rank": 5,
                "Suit": 1
              }
            ],
            "WonGames": 35
          }
        ]
      }
    ]
  }
,{
   "DealNumber": "8c053488-b4e0-4f06-8425-b0eb20f25bc0",
   "TimeDealt": "2020-04-25T14:24:33.963388Z",
   "DealsCount": 100,
   "PlayerHand": "3c-Js",
   "DealData": [
      {
         "Flop": {
  "HighCard": 57,
  "Pair": 39,
  "TwoPairs": 2,
  "Set": 2,
  "Straight": 0,
  "Flush": 0,
  "FullHouse": 0,
  "Quads": 0,
  "StraightFlush": 0,
  "RoyalFlush": 0
}
      },
      {
         "Turn": {
  "HighCard": 38,
  "Pair": 47,
  "TwoPairs": 10,
  "Set": 4,
  "Straight": 1,
  "Flush": 2,
  "FullHouse": 1,
  "Quads": 0,
  "StraightFlush": 0,
  "RoyalFlush": 0
}
      },
      {
         "River": {
  "HighCard": 22,
  "Pair": 47,
  "TwoPairs": 24,
  "Set": 5,
  "Straight": 4,
  "Flush": 5,
  "FullHouse": 2,
  "Quads": 0,
  "StraightFlush": 0,
  "RoyalFlush": 0
}
      },
      {
         "Win": [
  {
    "PlayingHand": [
      {
        "Rank": 3,
        "Suit": 4
      },
      {
        "Rank": 11,
        "Suit": 3
      }
    ],
    "WonGames": 25
  },
  {
    "PlayingHand": [
      {
        "Rank": 3,
        "Suit": 2
      },
      {
        "Rank": 6,
        "Suit": 1
      }
    ],
    "WonGames": 15
  },
  {
    "PlayingHand": [
      {
        "Rank": 13,
        "Suit": 1
      },
      {
        "Rank": 10,
        "Suit": 1
      }
    ],
    "WonGames": 48
  }
]
      }
   ]
},{
   "DealNumber": "b95897ff-8ce7-4811-b10b-f93e0bdbed10",
   "TimeDealt": "2020-04-25T14:24:48.9730209Z",
   "DealsCount": 100,
   "PlayerHand": "Ad-Ah",
   "DealData": [
      {
         "Flop": {
  "HighCard": 57,
  "Pair": 107,
  "TwoPairs": 23,
  "Set": 12,
  "Straight": 0,
  "Flush": 0,
  "FullHouse": 1,
  "Quads": 0,
  "StraightFlush": 0,
  "RoyalFlush": 0
}
      },
      {
         "Turn": {
  "HighCard": 38,
  "Pair": 103,
  "TwoPairs": 36,
  "Set": 16,
  "Straight": 2,
  "Flush": 2,
  "FullHouse": 7,
  "Quads": 2,
  "StraightFlush": 0,
  "RoyalFlush": 0
}
      },
      {
         "River": {
  "HighCard": 22,
  "Pair": 123,
  "TwoPairs": 91,
  "Set": 38,
  "Straight": 5,
  "Flush": 9,
  "FullHouse": 26,
  "Quads": 7,
  "StraightFlush": 0,
  "RoyalFlush": 0
}
      },
      {
         "Win": [
  {
    "PlayingHand": [
      {
        "Rank": 14,
        "Suit": 2
      },
      {
        "Rank": 14,
        "Suit": 1
      }
    ],
    "WonGames": 71
  },
  {
    "PlayingHand": [
      {
        "Rank": 3,
        "Suit": 2
      },
      {
        "Rank": 6,
        "Suit": 1
      }
    ],
    "WonGames": 15
  },
  {
    "PlayingHand": [
      {
        "Rank": 3,
        "Suit": 4
      },
      {
        "Rank": 8,
        "Suit": 3
      }
    ],
    "WonGames": 13
  }
]
      }
   ]
}